label,channel,duration_s,throughput_bps_send,rtt_ms
Large reliable batch,Reliable,2.7927308082580566,175.81357950724126,41.668782234191895
Rapid reliable messages,Reliable,3.9692630767822266,527.0499736429482,9.028980731964111
Small reliable batch,Reliable,2.016895055770874,45.11885719568044,2.908968925476074
Unreliable messages,Unreliable,21.59121608734131,96.89125390331841,0.0
