label,channel,duration_s,packets_sent,throughput_bps_send,rtt_ms
Sender-Large reliable batch,Reliable,3.5110793113708496,50,139.84303869464463,254.63082393010455
Sender-Rapid reliable messages,Reliable,13.248876094818115,200,157.9001860254562,291.1564146566112
Sender-Small reliable batch,Reliable,2.0647175312042236,10,44.07382541423245,0.0
Sender-Unreliable messages,Unreliable,21.172157764434814,200,98.80901244341571,0.0
